{"cameraMode":{"drawMode":0,"name":"Shaded","section":"Shading Mode"},"sceneLighting":false,"audioPlay":false,"sceneViewState":{"showFog":true,"showMaterialUpdate":false,"showSkybox":false,"showFlares":true,"showImageEffects":true,"showParticleSystems":true},"in2DMode":false,"pivot":{"x":16.729000091552736,"y":-2.520780563354492,"z":-19.26372528076172},"rotation":{"x":0.4132326543331146,"y":4.79813422771258e-7,"z":3.007483542205591e-7,"w":0.9106279015541077},"size":9.538938522338868,"orthographic":false}