{"cameraMode":{"drawMode":0,"name":"Shaded","section":"Shading Mode"},"sceneLighting":false,"audioPlay":false,"sceneViewState":{"showFog":true,"showMaterialUpdate":false,"showSkybox":false,"showFlares":true,"showImageEffects":true,"showParticleSystems":true},"in2DMode":false,"pivot":{"x":11.194501876831055,"y":0.6304159164428711,"z":26.647014617919923},"rotation":{"x":-0.0009637901093810797,"y":0.7662592530250549,"z":0.0011493975762277842,"w":0.642530083656311},"size":3.6347246170043947,"orthographic":false}