{"cameraMode":{"drawMode":0,"name":"Shaded","section":"Shading Mode"},"sceneLighting":false,"audioPlay":false,"sceneViewState":{"showFog":true,"showMaterialUpdate":false,"showSkybox":false,"showFlares":true,"showImageEffects":true,"showParticleSystems":true},"in2DMode":false,"pivot":{"x":0.33805689215660097,"y":1.327071189880371,"z":-1.1118180751800538},"rotation":{"x":0.12244082242250443,"y":-0.43225744366645815,"z":0.059372369199991229,"w":0.8914243578910828},"size":1.9743821620941163,"orthographic":true}