{"cameraMode":{"drawMode":0,"name":"Shaded","section":"Shading Mode"},"sceneLighting":true,"audioPlay":false,"sceneViewState":{"showFog":true,"showMaterialUpdate":false,"showSkybox":true,"showFlares":true,"showImageEffects":true,"showParticleSystems":true},"in2DMode":false,"pivot":{"x":-2.2561349868774416,"y":10.36846923828125,"z":1.2899999618530274},"rotation":{"x":0.0021264844108372928,"y":0.7056167125701904,"z":-0.0021165255457162859,"w":0.7085896134376526},"size":17.456117630004884,"orthographic":true}