{"cameraMode":{"drawMode":0,"name":"Shaded","section":"Shading Mode"},"sceneLighting":false,"audioPlay":false,"sceneViewState":{"showFog":true,"showMaterialUpdate":false,"showSkybox":false,"showFlares":true,"showImageEffects":true,"showParticleSystems":true},"in2DMode":false,"pivot":{"x":-0.19031000137329102,"y":2.3051915168762209,"z":-0.4510319232940674},"rotation":{"x":0.20846010744571687,"y":-1.45994549782813e-9,"z":-1.7821586428823367e-9,"w":0.978031575679779},"size":3.909834146499634,"orthographic":false}