{"cameraMode":{"drawMode":0,"name":"Shaded","section":"Shading Mode"},"sceneLighting":true,"audioPlay":false,"sceneViewState":{"showFog":true,"showMaterialUpdate":false,"showSkybox":false,"showFlares":true,"showImageEffects":true,"showParticleSystems":true},"in2DMode":false,"pivot":{"x":0.6521790623664856,"y":2.8288650512695314,"z":0.12359237670898438},"rotation":{"x":0.12357644736766815,"y":0.008930698968470097,"z":-0.001112468191422522,"w":0.9922969937324524},"size":2.7156951427459719,"orthographic":false}