{"cameraMode":{"drawMode":0,"name":"Shaded","section":"Shading Mode"},"sceneLighting":false,"audioPlay":false,"sceneViewState":{"showFog":true,"showMaterialUpdate":false,"showSkybox":false,"showFlares":true,"showImageEffects":true,"showParticleSystems":true},"in2DMode":false,"pivot":{"x":1.2680001258850098,"y":3.1500000953674318,"z":3.0},"rotation":{"x":0.1745997667312622,"y":0.0029539167881011965,"z":-0.0005238010198809207,"w":0.9846352338790894},"size":3.474550247192383,"orthographic":false}