{"cameraMode":{"drawMode":0,"name":"Shaded","section":"Shading Mode"},"sceneLighting":true,"audioPlay":false,"sceneViewState":{"showFog":true,"showMaterialUpdate":false,"showSkybox":true,"showFlares":true,"showImageEffects":true,"showParticleSystems":true},"in2DMode":false,"pivot":{"x":0.10280586779117584,"y":0.16236144304275514,"z":0.060733020305633548},"rotation":{"x":0.14522582292556764,"y":0.12872658669948579,"z":-0.01906047947704792,"w":0.9808047413825989},"size":5.175347805023193,"orthographic":false}