{"cameraMode":{"drawMode":0,"name":"Shaded","section":"Shading Mode"},"sceneLighting":true,"audioPlay":false,"sceneViewState":{"showFog":true,"showMaterialUpdate":false,"showSkybox":true,"showFlares":true,"showImageEffects":true,"showParticleSystems":true},"in2DMode":false,"pivot":{"x":14.967360496520996,"y":3.5527286529541017,"z":-19.2614688873291},"rotation":{"x":0.1745997667312622,"y":0.0029539167881011965,"z":-0.0005238010198809207,"w":0.9846352338790894},"size":5.585089683532715,"orthographic":false}